destination;cluster
Lech;Alpes Autrichienne
Sankt Anton;Alpes Autrichienne
Argentière;Alpes LC
Chamonix;Alpes LC
Les Houches;Alpes LC
Courchevel;Alpes LC
Courchevel 1550 Le Village;Alpes LC
Courchevel 1650 Moriond;Alpes LC
Courchevel 1850;Alpes LC
Courchevel Le Praz;Alpes LC
Combloux;Alpes LC
Megève;Alpes LC
Notre-Dame-de-Bellecombe et environs;Alpes LC
Saint Nicolas de Véroce;Alpes LC
Saint-Gervais-les-Bains;Alpes LC
Saint-Nicolas-la-Chapelle;Alpes LC
Méribel;Alpes LC
Morzine;Alpes LC
Tignes;Alpes LC
Val d'Isère;Alpes LC
Gstaad;Alpes LC
Rougemont;Alpes LC
Verbier;Alpes LC
Zermatt;Alpes LC
Serre Chevalier;Alpes LC
Megève & environs;Alpes LC
Saint-Martin-de-Belleville;Alpes LC
Cervinia;Alpes LC
Les Gets;Alpes LC
Saint-Moritz;Alpes LC
Klosters;Alpes LC
Les Carroz d'Arâches;Alpes LC
Golfe de Sagone;Corse
Calvi;Corse
Cap Corse;Corse
Ile Rousse;Corse
Saint-Florent;Corse
Ajaccio;Corse
Bonifacio;Corse
Coti Chiavari;Corse
Pianottoli-Caldarello;Corse
Propriano;Corse
Région de Porto-Vecchio;Corse
Côte Verte;Corse
Cannes;French Riviera
Nice;French Riviera
Cap d'Antibes;French Riviera
Antibes;French Riviera
Eze;French Riviera
Grasse;French Riviera
La Colle-sur-Loup;French Riviera
Monaco;French Riviera
Roquebrune-Cap-Martin;French Riviera
Saint-Paul-de-Vence;French Riviera
Villefranche-sur-Mer;French Riviera
Juan les Pins;French Riviera
Mougins;French Riviera
Roquebrune Cap Martin;French Riviera
Cavalaire-sur-Mer;French Riviera
Gassin;French Riviera
Grimaud;French Riviera
La Croix-Valmer;French Riviera
Ramatuelle;French Riviera
Rayol-Canadel-sur-Mer;French Riviera
Saint-Tropez;French Riviera
Sainte-Maxime;French Riviera
Vidauban;French Riviera
Presqu'ile Saint-Tropez;French Riviera
Antibes et environs;French Riviera
Juan-les-Pins;French Riviera
Draguignan;French Riviera
Porto Heli;Grèce
Kalamata;Grèce
Spetses;Grèce
Sifnos;Grèce
Syros;Grèce
Milos;Grèce
Ios;Grèce
Lefkada;Grèce
Athens Riviera;Grèce
Mykonos;Grèce
Antiparos;Grèce
Paros;Grèce
Grèce Occidentale;Grèce
Kéa;Grèce
Skiathos;Grèce
Tinos;Grèce
Corfou;Grèce
Crète;Grèce
Zante;Grèce
Patmos;Grèce
Kalamata et environs;Grèce
Athènes Riviera;Grèce
Hydra;Grèce
Rhodes;Grèce
Paxos;Grèce
Serifos;Grèce
Kefalonia;Grèce
Samos;Grèce
Folegandros;Grèce
Amorgos;Grèce
Santorin;Grèce
Capri & Anacapri;Italie
Positano;Italie
Lac de Côme;Italie
Florence;Italie
Province de Grosseto;Italie
Province de Lucques;Italie
Province de Pise;Italie
Province de Sienne;Italie
Province de Livourne;Italie
Les Marches;Italie
Venise;Italie
Abruzzes;Italie
Vénétie;Italie
Pérouse & la Ombrie;Italie
Le Salento;Italie
Province de Bari;Italie
Sardaigne;Italie
Sicile;Italie
Île de Pantelleria;Italie
Ravello;Italie
Les Abruzzes;Italie
Sorrente;Italie
Gerone;Italie
Pérouse;Italie
Rome;Italie
Province de Gênes;Italie
San Michele;Italie
Cortina d'Ampezzo;Italie
Algarve;Portugal
Comporta;Portugal
Melides et environs;Portugal
Cascais;Portugal
Lisbonne;Portugal
Lisbonne & alentours;Portugal
Sintra;Portugal
Madere;Portugal
Vallée du Douro;Portugal
Madère;Portugal
Porto & alentours;Portugal
Açores;Portugal
Bandol;Provence
Bormes-les-Mimosas;Provence
Hyères;Provence
Le Lavandou;Provence
Sanary;Provence
Le Pradet;Provence
Pramousquier;Provence
Arles & la Camargue;Provence
Eygalières & environs;Provence
Saint-Rémy-de-Provence & environs;Provence
Avignon;Provence
Maussane-les-Alpilles et alentours;Provence
Lourmarin & alentours;Provence
Aix-en-Provence & environs;Provence
Gordes & alentours;Provence
L'isle-sur-la-sorgue;Provence
Menerbes et alentours;Provence
Oppède;Provence
Bonnieux et alentours;Provence
Marseille;Provence
Carry-le-Rouet;Provence
La Ciotat;Provence
Cassis;Provence
L'isle-sur-la-Sorgue;Provence
Deauville;ROF
Trouville;ROF
Vexin Normand;ROF
La Manche;ROF
Terres du Calvados;ROF
Paris & Ile de France;ROF
Paris;ROF
Finistère;ROF
Côte d'Emeraude;ROF
Dijon & la Bourgogne;ROF
Dordogne - Périgord;ROF
Ile de Ré;ROF
Occitanie;ROF
Perche;ROF
Annecy;ROF
Auvergne;ROF
La Clusaz;ROF
Loiret;ROF
Ile-de-France;ROF
Côtes-d'Armor;ROF
Étretat;ROF
Biscarrosse;ROF
Ile Maurice;ROF
Orléans;ROF
Loire-Atlantique;ROF
Dubrovnik & alentours;ROW
Split & alentours;ROW
Saint-Martin;ROW
Saint-Barthélémy;ROW
Essaouira;ROW
Marrakech;ROW
Grenade;ROW
Cape Town;ROW
Dalmatie;ROW
République des Seychelles;ROW
Cape Town & surroundings;ROW
Punta Cana;ROW
Samana et environs;ROW
Cabo San Lucas;ROW
Costa Rica;ROW
Iles Turques et Caïques ;ROW
Jalisco;ROW
Iles Turques et Caïques;ROW
Istrie;ROW
Catalogne;Spain
Costa Brava;Spain
Cadaques;Spain
Begur;Spain
Ibiza;Spain
Marbella;Spain
Majorque;Spain
Barcelone;Spain
Sotogrande;Spain
Formentera;Spain
Minorque;Spain
Castilla La Mancha;Spain
Malaga;Spain
Castille-et-Leon;Spain
Biarritz;Sud-Ouest
Biarritz & Basque country;Sud-Ouest
Biarritz & environs;Sud-Ouest
Anglet;Sud-Ouest
Bidart;Sud-Ouest
Saint-Jean-de-Luz;Sud-Ouest
Guéthary & environs;Sud-Ouest
Hendaye et environs;Sud-Ouest
Bayonne et environs;Sud-Ouest
Environs de Bordeaux;Sud-Ouest
Bordeaux;Sud-Ouest
Bordeaux et les domaines de vins;Sud-Ouest
Cap Ferret;Sud-Ouest
Les Landes;Sud-Ouest
Hossegor & environs;Sud-Ouest
Lit-et-Mixe;Sud-Ouest
Seignosse;Sud-Ouest
Pyla-sur-Mer;Sud-Ouest
Arcachon;Sud-Ouest
Rest of Bassin d'Arcachon;Sud-Ouest
Biscarosse;Sud-Ouest
Bidart et environs;Sud-Ouest
